{
  "products": [
    {
      "id": 1,
      "title": "Cheez Pizza",
      "price": 300,
      "qty":34,
      "url":"https://cdn.pixabay.com/photo/2017/12/10/14/47/pizza-3010062_960_720.jpg"
    } ,
    {
      "id": 2,
      "title": "Margerita",
      "price": 500,
      "qty":34,
      "url":"https://cdn.pixabay.com/photo/2014/07/08/12/34/pizza-386717_960_720.jpg"
    } ,

    {
      "id": 3,
      "title": "Cheeza Api",
      "price": 700,
      "qty":34,
      "url":"https://cdn.pixabay.com/photo/2013/07/18/20/24/cheese-164872_960_720.jpg"
    } ,
    {
      "id": 4,
      "title": "Cheeza Api",
      "price": 300,
      "qty":34,
      "url":"https://cdn.pixabay.com/photo/2017/12/10/14/47/pizza-3010062_960_720.jpg"
    }
  ],
  "comments": [
    {
      "id": 1,
      "body": "some comment",
      "postId": 1
    }
  ],
  "profile": {
    "name": "typicode"
  }
}